﻿Non-Policy States (Name),Non-Policy States,State Status 2012,Election,Proximity to FL (1 being closest to 10),Demo similarity score to FL (lower is better),FL compare,Demo similarity score to TX (lower is better),TX compare,Demo similarity score to WA (lower is better),WA compare
Arkansas,AR,Red,Red,2,55.22,0,59.68,1,56.41,0
California,CA,Blue,Blue,10,62.52,0,51.93,0,62.49,1
Georgia,GA,Red,Red,1,41.38,1,36.41,1,55.92,0
Idaho,ID,Red,Red,9,71.68,0,71.02,0,54.12,0
Illinois,IL,Blue,Blue,4,36.24,1,43.44,1,34.73,1
Kansas,KS,Red,Red,5,61.38,0,60.39,1,40.23,1
Mississippi,MS,Red,Red,1,64.26,1,64.91,0,81.74,0
Montana,MT,Red,Red,8,73.42,0,77.74,0,54.96,0
New Mexico,NM,Blue,Blue,6,52.38,1,31.91,1,65.53,1
South Dakota,SD,Red,Red,7,71.73,0,68.17,0,53.52,1
Wisconsin,WI,Swing,Blue,5,62.82,1,63.74,0,47.91,0
Wyoming,WY,Red,Red,7,73.94,0,74.97,0,53.52,0
Florida,FL,Swing,Blue,0,0,,38.08,,51.96,
Texas,TX,Red,Red,,38.08,,0,,55.33,
Washington,WA,Blue,Blue,,51.96,,55.33,,0,
,source 1,source 2,,,source 3,,,,,
,,,,,source 4,,,,,
Sources:,,,,,,,,,,
1. https://ballotpedia.org/Opioid_prescription_limits_and_policies_by_state,,,,,,,,,,
2. https://www.washingtonpost.com/blogs/the-fix/post/the-9-swing-states-of-2012/2012/04/16/gIQABuXaLT_blog.html,,,,,,,,,,
3. https://www.dailykos.com/stories/2020/2/19/1917029/-How-similar-is-each-state-to-every-other-Daily-Kos-Elections-State-Similarity-Index-will-tell-you,,,,,,,,,,
4. https://docs.google.com/spreadsheets/d/1OvBc1WLYC1NC-dFJI2ghRH1L-2nCtol09jTqgdprko4/edit#gid=1499462393,,,,,,,,,,